,author,topic,posted,link
0,Caleb Harper, This computer will grow your food in the future , Mar 2016 ,http://www.ted.com/talks/caleb_harper_this_computer_will_grow_your_food_in_the_future/transcript
1,Jocelyne Bloch, The brain may be able to repair itself — with help , Feb 2016 ,http://www.ted.com/talks/jocelyne_bloch_the_brain_may_be_able_to_repair_itself_with_help/transcript
2,Dambisa Moyo, Economic growth has stalled. Let's fix it , Feb 2016 ,http://www.ted.com/talks/dambisa_moyo_economic_growth_has_stalled_let_s_fix_it/transcript
3,Andrés Ruzo, The boiling river of the Amazon , Feb 2016 ,http://www.ted.com/talks/andres_ruzo_the_mythical_boiling_river_of_the_amazon/transcript
4,Melati and Isabel Wijsen, Our campaign to ban plastic bags in Bali , Jan 2016 ,http://www.ted.com/talks/melati_and_isabel_wijsen_our_campaign_to_ban_plastic_bags_in_bali/transcript
5,Auke Ijspeert, A robot that runs and swims like a salamander , Jan 2016 ,http://www.ted.com/talks/auke_ijspeert_a_robot_that_runs_and_swims_like_a_salamander/transcript
6,Yanis Varoufakis, Capitalism will eat democracy — unless we speak up , Jan 2016 ,http://www.ted.com/talks/yanis_varoufakis_capitalism_will_eat_democracy_unless_we_speak_up/transcript
7,Elizabeth Lev, The unheard story of the Sistine Chapel , Jan 2016 ,http://www.ted.com/talks/elizabeth_lev_the_unheard_story_of_the_sistine_chapel/transcript
8,Jill Farrant, How we can make crops survive without water , Jan 2016 ,http://www.ted.com/talks/jill_farrant_how_we_can_make_crops_survive_without_water/transcript
9,Ole Scheeren, Why great architecture should tell a story , Jan 2016 ,http://www.ted.com/talks/ole_scheeren_why_great_architecture_should_tell_a_story/transcript
10,Wael Ghonim, Let's design social media that drives real change , Jan 2016 ,http://www.ted.com/talks/wael_ghonim_let_s_design_social_media_that_drives_real_change/transcript
11,Tim Harford, How frustration can make us more creative , Jan 2016 ,http://www.ted.com/talks/tim_harford_how_messy_problems_can_inspire_creativity/transcript
12,James Veitch, This is what happens when you reply to spam email , Jan 2016 ,http://www.ted.com/talks/james_veitch_this_is_what_happens_when_you_reply_to_spam_email/transcript
13,Harry Cliff, Have we reached the end of physics? , Jan 2016 ,http://www.ted.com/talks/harry_cliff_have_we_reached_the_end_of_physics/transcript
14,Rodrigo Bijou, Governments don't understand cyber warfare. We need hackers , Dec 2015 ,http://www.ted.com/talks/rodrigo_bijou_governments_don_t_understand_cyber_warfare_we_need_hackers/transcript
15,António Guterres, Refugees have the right to be protected , Dec 2015 ,http://www.ted.com/talks/antonio_guterres_refugees_have_the_right_to_be_protected/transcript
16,Ann Morgan, My year reading a book from every country in the world , Nov 2015 ,http://www.ted.com/talks/ann_morgan_my_year_reading_a_book_from_every_country_in_the_world/transcript
17,Harald Haas, Forget Wi-Fi. Meet the new Li-Fi Internet , Nov 2015 ,http://www.ted.com/talks/harald_haas_a_breakthrough_new_kind_of_wireless_internet/transcript
18,Daniel Levitin, How to stay calm when you know you'll be stressed , Oct 2015 ,http://www.ted.com/talks/daniel_levitin_how_to_stay_calm_when_you_know_you_ll_be_stressed/transcript
19,Mathias Jud, Art that lets you talk back to NSA spies , Oct 2015 ,http://www.ted.com/talks/mathias_jud_art_that_lets_you_talk_back_to_nsa_spies/transcript
20,Hilary Cottam, Social services are broken. How we can fix them , Oct 2015 ,http://www.ted.com/talks/hilary_cottam_social_services_are_broken_how_we_can_fix_them/transcript
21,Francesco Sauro," Deep under the Earth's surface, discovering beauty and science ", Oct 2015 ,http://www.ted.com/talks/francesco_sauro_deep_under_the_earth_s_surface_discovering_beauty_and_science/transcript
22,Jennifer Doudna,  How CRISPR lets us edit our DNA , Oct 2015 ,http://www.ted.com/talks/jennifer_doudna_we_can_now_edit_our_dna_but_let_s_do_it_wisely/transcript
23,Anders Fjellberg, Two nameless bodies washed up on the beach. Here are their stories , Oct 2015 ,http://www.ted.com/talks/anders_fjellberg_two_nameless_bodies_washed_up_on_the_beach_here_are_their_stories/transcript
24,Michael Green, How we can make the world a better place by 2030 , Oct 2015 ,http://www.ted.com/talks/michael_green_how_we_can_make_the_world_a_better_place_by_2030/transcript
25,Alice Bows-Larkin, Climate change is happening. Here's how we adapt , Oct 2015 ,http://www.ted.com/talks/alice_bows_larkin_we_re_too_late_to_prevent_climate_change_here_s_how_we_adapt/transcript
26,Taiye Selasi," Don't ask where I'm from, ask where I'm a local ", Sep 2015 ,http://www.ted.com/talks/taiye_selasi_don_t_ask_where_i_m_from_ask_where_i_m_a_local/transcript
27,Frances Larson, Why public beheadings get millions of views , Sep 2015 ,http://www.ted.com/talks/frances_larson_why_public_beheadings_get_millions_of_views/transcript
28,Jamie Bartlett, How the mysterious dark net is going mainstream , Sep 2015 ,http://www.ted.com/talks/jamie_bartlett_how_the_mysterious_dark_net_is_going_mainstream/transcript
29,Wendy Freedman, This new telescope might show us the beginning of the universe , Aug 2015 ,http://www.ted.com/talks/wendy_freedman_this_new_telescope_might_show_us_the_beginning_of_the_universe/transcript
30,Jim Al-Khalili, How quantum biology might explain life’s biggest questions , Aug 2015 ,http://www.ted.com/talks/jim_al_khalili_how_quantum_biology_might_explain_life_s_biggest_questions/transcript
31,Tony Wyss-Coray," How young blood might help reverse aging. Yes, really ", Aug 2015 ,http://www.ted.com/talks/tony_wyss_coray_how_young_blood_might_help_reverse_aging_yes_really/transcript
32,Yuval Noah Harari, What explains the rise of humans? , Jul 2015 ,http://www.ted.com/talks/yuval_noah_harari_what_explains_the_rise_of_humans/transcript
33,Jon Ronson, When online shaming spirals out of control , Jul 2015 ,http://www.ted.com/talks/jon_ronson_what_happens_when_online_shaming_spirals_out_of_control/transcript
34,Johann Hari, Everything you think you know about addiction is wrong , Jul 2015 ,http://www.ted.com/talks/johann_hari_everything_you_think_you_know_about_addiction_is_wrong/transcript
35,Jimmy Nelson, Gorgeous portraits of the world's vanishing people , May 2015 ,http://www.ted.com/talks/jimmy_nelson_gorgeous_portraits_of_the_world_s_vanishing_people/transcript
36,Bel Pesce, 5 ways to kill your dreams , Apr 2015 ,http://www.ted.com/talks/bel_pesce_5_ways_to_kill_your_dreams/transcript
37,Boniface Mwangi, The day I stood up alone , Apr 2015 ,http://www.ted.com/talks/boniface_mwangi_boniface_mwangi_the_day_i_stood_up_alone/transcript
38,Alison Killing," There’s a better way to die, and architecture can help ", Mar 2015 ,http://www.ted.com/talks/alison_killing_there_s_a_better_way_to_die_and_architecture_can_help/transcript
39,Sangu Delle," In praise of macro — yes, macro — finance in Africa ", Mar 2015 ,http://www.ted.com/talks/sangu_delle_in_praise_of_macro_yes_macro_finance_in_africa/transcript
40,Ilona Szabó de Carvalho, 4 lessons I learned from taking a stand against drugs and gun violence , Mar 2015 ,http://www.ted.com/talks/ilona_szabo_de_carvalho_4_lessons_i_learned_from_taking_a_stand_against_drugs_and_gun_violence/transcript
41,Andy Yen, Think your email's private? Think again , Mar 2015 ,http://www.ted.com/talks/andy_yen_think_your_email_s_private_think_again/transcript
42,Jon Gosier," The problem with ""trickle-down techonomics"" ", Mar 2015 ,http://www.ted.com/talks/jon_gosier_the_problem_with_trickle_down_techonomics/transcript
43,Khalida Brohi, How I work to protect women from honor killings , Feb 2015 ,http://www.ted.com/talks/khalida_brohi_how_i_work_to_protect_women_from_honor_killings/transcript
44,Angelo Vermeulen," How to go to space, without having to go to space ", Feb 2015 ,http://www.ted.com/talks/angelo_vermeulen_how_to_go_to_space_without_having_to_go_to_space/transcript
45,Laura Boushnak," For these women, reading is a daring act ", Feb 2015 ,http://www.ted.com/talks/laura_boushnak_for_these_women_reading_is_a_daring_act/transcript
46,Ricardo Semler, How to run a company with (almost) no rules  , Feb 2015 ,http://www.ted.com/talks/ricardo_semler_radical_wisdom_for_a_company_a_school_a_life/transcript
47,Tom Wujec," Got a wicked problem? First, tell me how you make toast ", Feb 2015 ,http://www.ted.com/talks/tom_wujec_got_a_wicked_problem_first_tell_me_how_you_make_toast/transcript
48,Zeynep Tufekci," Online social change: easy to organize, hard to win ", Feb 2015 ,http://www.ted.com/talks/zeynep_tufekci_how_the_internet_has_made_social_change_easy_to_organize_hard_to_win/transcript
49,Bassam Tariq, The beauty and diversity of Muslim life , Jan 2015 ,http://www.ted.com/talks/bassam_tariq_the_beauty_and_diversity_of_muslim_life/transcript
50,Severine Autesserre," To solve mass violence, look to locals ", Jan 2015 ,http://www.ted.com/talks/severine_autesserre_to_solve_mass_violence_look_to_locals/transcript
51,Miguel Nicolelis, Brain-to-brain communication has arrived. How we did it , Jan 2015 ,http://www.ted.com/talks/miguel_nicolelis_brain_to_brain_communication_has_arrived_how_we_did_it/transcript
52,Joe Madiath," Better toilets, better life ", Jan 2015 ,http://www.ted.com/talks/joe_madiath_better_toilets_better_life/transcript
53,Matthieu Ricard, How to let altruism be your guide , Jan 2015 ,http://www.ted.com/talks/matthieu_ricard_how_to_let_altruism_be_your_guide/transcript
54,Robert Muggah, How to protect fast-growing cities from failing , Jan 2015 ,http://www.ted.com/talks/robert_muggah_how_to_protect_fast_growing_cities_from_failing/transcript
55,Robert Swan, Let's save the last pristine continent , Jan 2015 ,http://www.ted.com/talks/robert_swan_let_s_save_the_last_pristine_continent/transcript
56,Navi Radjou, Creative problem-solving in the face of extreme limits , Jan 2015 ,http://www.ted.com/talks/navi_radjou_creative_problem_solving_in_the_face_of_extreme_limits/transcript
57,Tasso Azevedo, Hopeful lessons from the battle to save rainforests , Jan 2015 ,http://www.ted.com/talks/tasso_azevedo_hopeful_lessons_from_the_battle_to_save_rainforests/transcript
58,Asha de Vos, Why you should care about whale poo , Jan 2015 ,http://www.ted.com/talks/asha_de_vos_why_you_should_care_about_whale_poo/transcript
59,Mundano, Pimp my ... trash cart? , Dec 2014 ,http://www.ted.com/talks/mundano_pimp_my_trash_cart/transcript
60,Bruno Torturra, Got a smartphone? Start broadcasting , Dec 2014 ,http://www.ted.com/talks/bruno_torturra_got_a_smartphone_start_broadcasting/transcript
61,Dave Troy, Social maps that reveal a city's intersections — and separations , Dec 2014 ,http://www.ted.com/talks/dave_troy_social_maps_that_reveal_a_city_s_intersections_and_separations/transcript
62,Catherine Crump, The small and surprisingly dangerous detail the police track about you , Dec 2014 ,http://www.ted.com/talks/catherine_crump_the_small_and_surprisingly_dangerous_detail_the_police_track_about_you/transcript
63,Anastasia Taylor-Lind, Fighters and mourners of the Ukrainian revolution , Dec 2014 ,http://www.ted.com/talks/anastasia_taylor_lind_fighters_and_mourners_of_the_ukrainian_revolution/transcript
64,Jose Miguel Sokoloff, How Christmas lights helped guerrillas put down their guns , Dec 2014 ,http://www.ted.com/talks/jose_miguel_sokoloff_how_christmas_lights_helped_guerrillas_put_down_their_guns/transcript
65,Aakash Odedra," A dance in a hurricane of paper, wind and light ", Dec 2014 ,http://www.ted.com/talks/aakash_odedra_a_dance_in_a_hurricane_of_paper_wind_and_light/transcript
66,Oren Yakobovich, Hidden cameras that film injustice in the world’s most dangerous places , Dec 2014 ,http://www.ted.com/talks/oren_yakobovich_hidden_cameras_that_film_injustice_in_the_world_s_most_dangerous_places/transcript
67,Mark Plotkin, What the people of the Amazon know that you don’t , Nov 2014 ,http://www.ted.com/talks/mark_plotkin_what_the_people_of_the_amazon_know_that_you_don_t/transcript
68,Joe Landolina, This gel can make you stop bleeding instantly , Nov 2014 ,http://www.ted.com/talks/joe_landolina_this_gel_can_make_you_stop_bleeding_instantly/transcript
69,Vincent Moon and Naná Vasconcelos, Hidden music rituals around the world , Nov 2014 ,http://www.ted.com/talks/vincent_moon_and_nana_vasconcelos_the_world_s_hidden_music_rituals/transcript
70,Ethan Nadelmann, Why we need to end the War on Drugs , Nov 2014 ,http://www.ted.com/talks/ethan_nadelmann_why_we_need_to_end_the_war_on_drugs/transcript
71,Michael Green, What the Social Progress Index can reveal about your country , Nov 2014 ,http://www.ted.com/talks/michael_green_what_the_social_progress_index_can_reveal_about_your_country/transcript
72,Haas&Hahn, How painting can transform communities , Nov 2014 ,http://www.ted.com/talks/haas_hahn_how_painting_can_transform_communities/transcript
73,Alejandro Aravena, My architectural philosophy? Bring the community into the process , Nov 2014 ,http://www.ted.com/talks/alejandro_aravena_my_architectural_philosophy_bring_the_community_into_the_process/transcript
74,Ameenah Gurib-Fakim, Humble plants that hide surprising secrets , Nov 2014 ,http://www.ted.com/talks/ameenah_gurib_fakim_humble_plants_that_hide_surprising_secrets/transcript
75,Alessandra Orofino, It’s our city. Let’s fix it , Nov 2014 ,http://www.ted.com/talks/alessandra_orofino_it_s_our_city_let_s_fix_it/transcript
76,Kimberley Motley, How I defend the rule of law , Oct 2014 ,http://www.ted.com/talks/kimberley_motley_how_i_defend_the_rule_of_law/transcript
77,Fabien Cousteau, What I learned from spending 31 days underwater , Oct 2014 ,http://www.ted.com/talks/fabien_cousteau_what_i_learned_from_spending_31_days_underwater/transcript
78,Fred Swaniker," The leaders who ruined Africa, and the generation who can fix it ", Oct 2014 ,http://www.ted.com/talks/fred_swaniker_the_leaders_who_ruined_africa_and_the_generation_who_can_fix_it/transcript
79,Melissa Fleming," Let's help refugees thrive, not just survive ", Oct 2014 ,http://www.ted.com/talks/melissa_fleming_let_s_help_refugees_thrive_not_just_survive/transcript
80,Jorge Soto, The future of early cancer detection? , Oct 2014 ,http://www.ted.com/talks/jorge_soto_the_future_of_early_cancer_detection/transcript
81,Glenn Greenwald, Why privacy matters , Oct 2014 ,http://www.ted.com/talks/glenn_greenwald_why_privacy_matters/transcript
82,Dilip Ratha, The hidden force in global economics: sending money home , Oct 2014 ,http://www.ted.com/talks/dilip_ratha_the_hidden_force_in_global_economics_sending_money_home/transcript
83,Pia Mancini, How to upgrade democracy for the Internet era , Oct 2014 ,http://www.ted.com/talks/pia_mancini_how_to_upgrade_democracy_for_the_internet_era/transcript
84,Renata Salecl, Our unhealthy obsession with choice , Jul 2014 ,http://www.ted.com/talks/renata_salecl_our_unhealthy_obsession_with_choice/transcript
85,Julian Treasure, How to speak so that people want to listen , Jun 2014 ,http://www.ted.com/talks/julian_treasure_how_to_speak_so_that_people_want_to_listen/transcript
86,Stephen Burt, Why people need poetry , Jun 2014 ,http://www.ted.com/talks/stephen_burt_why_people_need_poetry/transcript
87,Carin Bondar, The birds and the bees are just the beginning , Mar 2014 ,http://www.ted.com/talks/carin_bondar_the_birds_and_the_bees_are_just_the_beginning/transcript
88,Toby Shapshak, You don't need an app for that , Mar 2014 ,http://www.ted.com/talks/toby_shapshak_you_don_t_need_an_app_for_that/transcript
89,Anne-Marie Slaughter," Can we all ""have it all""? ", Mar 2014 ,http://www.ted.com/talks/anne_marie_slaughter_can_we_all_have_it_all/transcript
90,Manu Prakash, A 50-cent microscope that folds like origami , Mar 2014 ,http://www.ted.com/talks/manu_prakash_a_50_cent_microscope_that_folds_like_origami/transcript
91,Annette Heuser, The 3 agencies with the power to make or break economies , Feb 2014 ,http://www.ted.com/talks/annette_heuser_the_3_agencies_with_the_power_to_make_or_break_economies/transcript
92,Siddharthan Chandran, Can the damaged brain repair itself? , Feb 2014 ,http://www.ted.com/talks/siddharthan_chandran_can_the_damaged_brain_repair_itself/transcript
93,Molly Stevens, A new way to grow bone , Feb 2014 ,http://www.ted.com/talks/molly_stevens_a_new_way_to_grow_bone/transcript
94,Teddy Cruz, How architectural innovations migrate across borders , Feb 2014 ,http://www.ted.com/talks/teddy_cruz_how_architectural_innovations_migrate_across_borders/transcript
95,Shereen El Feki, A little-told tale of sex and sensuality , Jan 2014 ,http://www.ted.com/talks/shereen_el_feki_a_little_told_tale_of_sex_and_sensuality/transcript
96,Mark Kendall, Demo: A needle-free vaccine patch that's safer and way cheaper , Jan 2014 ,http://www.ted.com/talks/mark_kendall_demo_a_needle_free_vaccine_patch_that_s_safer_and_way_cheaper/transcript
97,Sandra Aamodt, Why dieting doesn't usually work , Jan 2014 ,http://www.ted.com/talks/sandra_aamodt_why_dieting_doesn_t_usually_work/transcript
98,Toby Eccles, Invest in social change , Dec 2013 ,http://www.ted.com/talks/toby_eccles_invest_in_social_change/transcript
99,David Steindl-Rast, Want to be happy? Be grateful , Nov 2013 ,http://www.ted.com/talks/david_steindl_rast_want_to_be_happy_be_grateful/transcript
100,Suzana Herculano-Houzel, What is so special about the human brain? , Nov 2013 ,http://www.ted.com/talks/suzana_herculano_houzel_what_is_so_special_about_the_human_brain/transcript
101,Peter Doolittle," How your ""working memory"" makes sense of the world ", Nov 2013 ,http://www.ted.com/talks/peter_doolittle_how_your_working_memory_makes_sense_of_the_world/transcript
102,Andreas Raptopoulos, No roads? There's a drone for that , Nov 2013 ,http://www.ted.com/talks/andreas_raptopoulos_no_roads_there_s_a_drone_for_that/transcript
103,Greg Asner, Ecology from the air , Nov 2013 ,http://www.ted.com/talks/greg_asner_ecology_from_the_air/transcript
104,Lian Pin Koh, A drone's-eye view of conservation , Nov 2013 ,http://www.ted.com/talks/lian_pin_koh_a_drone_s_eye_view_of_conservation/transcript
105,Jane McGonigal, Massively multi-player… thumb-wrestling? , Nov 2013 ,http://www.ted.com/talks/jane_mcgonigal_massively_multi_player_thumb_wrestling/transcript
106,Dambisa Moyo, Is China the new idol for emerging economies? , Nov 2013 ,http://www.ted.com/talks/dambisa_moyo_is_china_the_new_idol_for_emerging_economies/transcript
107,Arthur Benjamin, The magic of Fibonacci numbers , Nov 2013 ,http://www.ted.com/talks/arthur_benjamin_the_magic_of_fibonacci_numbers/transcript
108,Grégoire Courtine, The paralyzed rat that walked , Nov 2013 ,http://www.ted.com/talks/gregoire_courtine_the_paralyzed_rat_that_walked/transcript
109,Holly Morris, Why stay in Chernobyl? Because it's home. , Oct 2013 ,http://www.ted.com/talks/holly_morris_why_stay_in_chernobyl_because_it_s_home/transcript
110,Abha Dawesar," Life in the ""digital now"" ", Oct 2013 ,http://www.ted.com/talks/abha_dawesar_life_in_the_digital_now/transcript
111,Mariana Mazzucato," Government — investor, risk-taker, innovator ", Oct 2013 ,http://www.ted.com/talks/mariana_mazzucato_government_investor_risk_taker_innovator/transcript
112,Xavier Vilalta, Architecture at home in its community , Oct 2013 ,http://www.ted.com/talks/xavier_vilalta_architecture_at_home_in_its_community/transcript
113,Charles Robertson, Africa's next boom , Oct 2013 ,http://www.ted.com/talks/charles_robertson_africa_s_next_boom/transcript
114,Steve Howard, Let's go all-in on selling sustainability , Oct 2013 ,http://www.ted.com/talks/steve_howard_let_s_go_all_in_on_selling_sustainability/transcript
115,Hetain Patel, Who am I? Think again , Oct 2013 ,http://www.ted.com/talks/hetain_patel_who_am_i_think_again/transcript
116,Alessandro Acquisti, What will a future without secrets look like? , Oct 2013 ,http://www.ted.com/talks/alessandro_acquisti_why_privacy_matters/transcript
117,Trita Parsi, Iran and Israel: Peace is possible , Oct 2013 ,http://www.ted.com/talks/trita_parsi_iran_and_israel_peace_is_possible/transcript
118,Michael Sandel, Why we shouldn't trust markets with our civic life , Oct 2013 ,http://www.ted.com/talks/michael_sandel_why_we_shouldn_t_trust_markets_with_our_civic_life/transcript
119,Michael Porter, The case for letting business solve social problems , Oct 2013 ,http://www.ted.com/talks/michael_porter_why_business_can_be_good_at_solving_social_problems/transcript
120,Fabian Oefner, Psychedelic science , Oct 2013 ,http://www.ted.com/talks/fabian_oefner_psychedelic_science/transcript
121,Elizabeth Loftus, How reliable is your memory? , Sep 2013 ,http://www.ted.com/talks/elizabeth_loftus_the_fiction_of_memory/transcript
122,Benjamin Barber, Why mayors should rule the world , Sep 2013 ,http://www.ted.com/talks/benjamin_barber_why_mayors_should_rule_the_world/transcript
123,Andras Forgacs, Leather and meat without killing animals , Sep 2013 ,http://www.ted.com/talks/andras_forgacs_leather_and_meat_without_killing_animals/transcript
124,Marla Spivak, Why bees are disappearing , Sep 2013 ,http://www.ted.com/talks/marla_spivak_why_bees_are_disappearing/transcript
125,Apollo Robbins, The art of misdirection , Sep 2013 ,http://www.ted.com/talks/apollo_robbins_the_art_of_misdirection/transcript
126,Sonia Shah, 3 reasons we still haven’t gotten rid of malaria , Sep 2013 ,http://www.ted.com/talks/sonia_shah_3_reasons_we_still_haven_t_gotten_rid_of_malaria/transcript
127,George Monbiot," For more wonder, rewild the world ", Sep 2013 ,http://www.ted.com/talks/george_monbiot_for_more_wonder_rewild_the_world/transcript
128,Alexa Meade, Your body is my canvas , Sep 2013 ,http://www.ted.com/talks/alexa_meade/transcript
129,Chrystia Freeland, The rise of the new global super-rich , Sep 2013 ,http://www.ted.com/talks/chrystia_freeland_the_rise_of_the_new_global_super_rich/transcript
130,Kelly McGonigal, How to make stress your friend , Sep 2013 ,http://www.ted.com/talks/kelly_mcgonigal_how_to_make_stress_your_friend/transcript
131,May El-Khalil, Making peace is a marathon , Aug 2013 ,http://www.ted.com/talks/may_el_khalil_making_peace_is_a_marathon/transcript
132,Russell Foster, Why do we sleep? , Aug 2013 ,http://www.ted.com/talks/russell_foster_why_do_we_sleep/transcript
133,Bastian Schaefer, A 3D-printed jumbo jet? , Jul 2013 ,http://www.ted.com/talks/bastian_schaefer_a_3d_printed_jumbo_jet/transcript
134,Paul Kemp-Robertson, Bitcoin. Sweat. Tide. Meet the future of branded currency. , Jul 2013 ,http://www.ted.com/talks/paul_kemp_robertson_bitcoin_sweat_tide_meet_the_future_of_branded_currency/transcript
135,Roberto D'Angelo + Francesca Fedeli," In our baby's illness, a life lesson ", Jul 2013 ,http://www.ted.com/talks/roberto_d_angelo_francesca_fedeli_in_our_baby_s_illness_a_life_lesson/transcript
136,Pico Iyer, Where is home? , Jul 2013 ,http://www.ted.com/talks/pico_iyer_where_is_home/transcript
137,Gavin Pretor-Pinney, Cloudy with a chance of joy , Jul 2013 ,http://www.ted.com/talks/gavin_pretor_pinney_cloudy_with_a_chance_of_joy/transcript
138,Bernie Krause, The voice of the natural world , Jul 2013 ,http://www.ted.com/talks/bernie_krause_the_voice_of_the_natural_world/transcript
139,Charmian Gooch, Meet global corruption's hidden players , Jul 2013 ,http://www.ted.com/talks/charmian_gooch_meet_global_corruption_s_hidden_players/transcript
140,Eric X. Li, A tale of two political systems , Jul 2013 ,http://www.ted.com/talks/eric_x_li_a_tale_of_two_political_systems/transcript
141,Lesley Hazleton, The doubt essential to faith , Jun 2013 ,http://www.ted.com/talks/lesley_hazleton_the_doubt_essential_to_faith/transcript
142,Joseph Kim, The family I lost in North Korea. And the family I gained. , Jun 2013 ,http://www.ted.com/talks/joseph_kim_the_family_i_lost_in_north_korea_and_the_family_i_gained/transcript
143,Juliana Rotich," Meet BRCK, Internet access built for Africa ", Jun 2013 ,http://www.ted.com/talks/juliana_rotich_meet_brck_internet_access_built_for_africa/transcript
144,Didier Sornette, How we can predict the next financial crisis , Jun 2013 ,http://www.ted.com/talks/didier_sornette_how_we_can_predict_the_next_financial_crisis/transcript
145,Manal al-Sharif, A Saudi woman who dared to drive , Jun 2013 ,http://www.ted.com/talks/manal_al_sharif_a_saudi_woman_who_dared_to_drive/transcript
146,Daniel Suarez, The kill decision shouldn't belong to a robot , Jun 2013 ,http://www.ted.com/talks/daniel_suarez_the_kill_decision_shouldn_t_belong_to_a_robot/transcript
147,George Papandreou, Imagine a European democracy without borders , Jun 2013 ,http://www.ted.com/talks/george_papandreou_imagine_a_european_democracy_without_borders/transcript
148,Raffaello D'Andrea, The astounding athletic power of quadcopters , Jun 2013 ,http://www.ted.com/talks/raffaello_d_andrea_the_astounding_athletic_power_of_quadcopters/transcript
149,Laura Snyder, The Philosophical Breakfast Club , Apr 2013 ,http://www.ted.com/talks/laura_snyder_the_philosophical_breakfast_club/transcript
150,Catarina Mota, Play with smart materials , Mar 2013 ,http://www.ted.com/talks/catarina_mota_play_with_smart_materials/transcript
151,Andreas Schleicher, Use data to build better schools , Feb 2013 ,http://www.ted.com/talks/andreas_schleicher_use_data_to_build_better_schools/transcript
152,Keith Chen, Could your language affect your ability to save money? , Feb 2013 ,http://www.ted.com/talks/keith_chen_could_your_language_affect_your_ability_to_save_money/transcript
153,Lee Cronin, Print your own medicine , Feb 2013 ,http://www.ted.com/talks/lee_cronin_print_your_own_medicine/transcript
154,Ellen Jorgensen," Biohacking — you can do it, too ", Jan 2013 ,http://www.ted.com/talks/ellen_jorgensen_biohacking_you_can_do_it_too/transcript
155,Robin Chase," Excuse me, may I rent your car? ", Dec 2012 ,http://www.ted.com/talks/robin_chase_excuse_me_may_i_rent_your_car/transcript
156,Nina Tandon, Could tissue engineering mean personalized medicine? , Dec 2012 ,http://www.ted.com/talks/nina_tandon_could_tissue_engineering_mean_personalized_medicine/transcript
157,Paolo Cardini," Forget multitasking, try monotasking ", Nov 2012 ,http://www.ted.com/talks/paolo_cardini_forget_multitasking_try_monotasking/transcript
158,Candy Chang, Before I die I want to ... , Nov 2012 ,http://www.ted.com/talks/candy_chang_before_i_die_i_want_to/transcript
159,David Binder, The arts festival revolution , Nov 2012 ,http://www.ted.com/talks/david_binder_the_arts_festival_revolution/transcript
160,Sanjay Pradhan, How open data is changing international aid , Oct 2012 ,http://www.ted.com/talks/sanjay_pradhan_how_open_data_is_changing_international_aid/transcript
161,Pankaj Ghemawat," Actually, the world isn't flat ", Oct 2012 ,http://www.ted.com/talks/pankaj_ghemawat_actually_the_world_isn_t_flat/transcript
162,Ryan Merkley," Online video — annotated, remixed and popped ", Oct 2012 ,http://www.ted.com/talks/ryan_merkley_online_video_annotated_remixed_and_popped/transcript
163,Heather Brooke, My battle to expose government corruption , Oct 2012 ,http://www.ted.com/talks/heather_brooke_my_battle_to_expose_government_corruption/transcript
164,Beau Lotto + Amy O'Toole," Science is for everyone, kids included ", Oct 2012 ,http://www.ted.com/talks/beau_lotto_amy_o_toole_science_is_for_everyone_kids_included/transcript
165,John Wilbanks, Let's pool our medical data , Oct 2012 ,http://www.ted.com/talks/john_wilbanks_let_s_pool_our_medical_data/transcript
166,Eddie Obeng, Smart failure for a fast-changing world , Oct 2012 ,http://www.ted.com/talks/eddie_obeng_smart_failure_for_a_fast_changing_world/transcript
167,Maurizio Seracini, The secret lives of paintings , Oct 2012 ,http://www.ted.com/talks/maurizio_seracini_the_secret_lives_of_paintings/transcript
168,Melissa Marshall, Talk nerdy to me , Oct 2012 ,http://www.ted.com/talks/melissa_marshall_talk_nerdy_to_me/transcript
169,Ruby Wax, What's so funny about mental illness? , Oct 2012 ,http://www.ted.com/talks/ruby_wax_what_s_so_funny_about_mental_illness/transcript
170,John Maeda," How art, technology and design inform creative leaders ", Oct 2012 ,http://www.ted.com/talks/john_maeda_how_art_technology_and_design_inform_creative_leaders/transcript
171,Tim Leberecht, 3 ways to (usefully) lose control of your brand , Oct 2012 ,http://www.ted.com/talks/tim_leberecht_3_ways_to_usefully_lose_control_of_your_reputation/transcript
172,Shimon Schocken, The self-organizing computer course , Oct 2012 ,http://www.ted.com/talks/shimon_schocken_the_self_organizing_computer_course/transcript
173,Jason McCue, Terrorism is a failed brand , Oct 2012 ,http://www.ted.com/talks/jason_mccue_terrorism_is_a_failed_brand/transcript
174,Amy Cuddy, Your body language shapes who you are , Oct 2012 ,http://www.ted.com/talks/amy_cuddy_your_body_language_shapes_who_you_are/transcript
175,Vicki Arroyo, Let's prepare for our new climate , Sep 2012 ,http://www.ted.com/talks/vicki_arroyo_let_s_prepare_for_our_new_climate/transcript
176,Bahia Shehab, A thousand times no , Sep 2012 ,http://www.ted.com/talks/bahia_shehab_a_thousand_times_no/transcript
177,Clay Shirky, How the Internet will (one day) transform government , Sep 2012 ,http://www.ted.com/talks/clay_shirky_how_the_internet_will_one_day_transform_government/transcript
178,Read Montague," What we're learning from 5,000 brains ", Sep 2012 ,http://www.ted.com/talks/read_montague_what_we_re_learning_from_5_000_brains/transcript
179,Rachel Botsman, The currency of the new economy is trust , Sep 2012 ,http://www.ted.com/talks/rachel_botsman_the_currency_of_the_new_economy_is_trust/transcript
180,Andrew Blum, Discover the physical side of the internet , Sep 2012 ,http://www.ted.com/talks/andrew_blum_what_is_the_internet_really/transcript
181,Julian Treasure, Why architects need to use their ears , Sep 2012 ,http://www.ted.com/talks/julian_treasure_why_architects_need_to_use_their_ears/transcript
182,Sarah-Jayne Blakemore, The mysterious workings of the adolescent brain , Sep 2012 ,http://www.ted.com/talks/sarah_jayne_blakemore_the_mysterious_workings_of_the_adolescent_brain/transcript
183,Beth Noveck, Demand a more open-source government , Sep 2012 ,http://www.ted.com/talks/beth_noveck_demand_a_more_open_source_government/transcript
184,Wayne McGregor, A choreographer's creative process in real time , Sep 2012 ,http://www.ted.com/talks/wayne_mcgregor_a_choreographer_s_creative_process_in_real_time/transcript
185,Susan Solomon, The promise of research with stem cells , Sep 2012 ,http://www.ted.com/talks/susan_solomon_the_promise_of_research_with_stem_cells/transcript
186,Leslie T. Chang, The voices of China's workers , Sep 2012 ,http://www.ted.com/talks/leslie_t_chang_the_voices_of_china_s_workers/transcript
187,Vikram Patel, Mental health for all by involving all , Sep 2012 ,http://www.ted.com/talks/vikram_patel_mental_health_for_all_by_involving_all/transcript
188,Jonathan Trent, Energy from floating algae pods , Sep 2012 ,http://www.ted.com/talks/jonathan_trent_energy_from_floating_algae_pods/transcript
189,Antony Gormley," Sculpted space, within and without ", Sep 2012 ,http://www.ted.com/talks/antony_gormley_sculpted_space_within_and_without/transcript
190,Shyam Sankar, The rise of human-computer cooperation , Sep 2012 ,http://www.ted.com/talks/shyam_sankar_the_rise_of_human_computer_cooperation/transcript
191,Robert Neuwirth, The power of the informal economy , Sep 2012 ,http://www.ted.com/talks/robert_neuwirth_the_power_of_the_informal_economy/transcript
192,Rob Legato, The art of creating awe , Aug 2012 ,http://www.ted.com/talks/rob_legato_the_art_of_creating_awe/transcript
193,Ivan Krastev, Can democracy exist without trust? , Aug 2012 ,http://www.ted.com/talks/ivan_krastev_can_democracy_exist_without_trust/transcript
194,Max Little, A test for Parkinson's with a phone call , Aug 2012 ,http://www.ted.com/talks/max_little_a_test_for_parkinson_s_with_a_phone_call/transcript
195,Margaret Heffernan, Dare to disagree , Aug 2012 ,http://www.ted.com/talks/margaret_heffernan_dare_to_disagree/transcript
196,Daphne Koller, What we're learning from online education , Aug 2012 ,http://www.ted.com/talks/daphne_koller_what_we_re_learning_from_online_education/transcript
197,Michael Anti, Behind the Great Firewall of China , Jul 2012 ,http://www.ted.com/talks/michael_anti_behind_the_great_firewall_of_china/transcript
198,Michael Hansmeyer, Building unimaginable shapes , Jul 2012 ,http://www.ted.com/talks/michael_hansmeyer_building_unimaginable_shapes/transcript
199,Ramesh Raskar, Imaging at a trillion frames per second , Jul 2012 ,http://www.ted.com/talks/ramesh_raskar_a_camera_that_takes_one_trillion_frames_per_second/transcript
200,Malte Spitz, Your phone company is watching , Jul 2012 ,http://www.ted.com/talks/malte_spitz_your_phone_company_is_watching/transcript
201,Neil Harbisson, I listen to color , Jul 2012 ,http://www.ted.com/talks/neil_harbisson_i_listen_to_color/transcript
202,Matt Mills, Image recognition that triggers augmented reality , Jul 2012 ,http://www.ted.com/talks/matt_mills_image_recognition_that_triggers_augmented_reality/transcript
203,Jamie Drummond, Let's crowdsource the world's goals , Jul 2012 ,http://www.ted.com/talks/jamie_drummond_how_to_set_goals_for_the_world/transcript
204,Mina Bissell, Experiments that point to a new understanding of cancer , Jul 2012 ,http://www.ted.com/talks/mina_bissell_experiments_that_point_to_a_new_understanding_of_cancer/transcript
205,Marc Goodman, A vision of crimes in the future , Jul 2012 ,http://www.ted.com/talks/marc_goodman_a_vision_of_crimes_in_the_future/transcript
206,Jane McGonigal, The game that can give you 10 extra years of life , Jul 2012 ,http://www.ted.com/talks/jane_mcgonigal_the_game_that_can_give_you_10_extra_years_of_life/transcript
207,Usman Riaz + Preston Reed, A young guitarist meets his hero , Jul 2012 ,http://www.ted.com/talks/usman_riaz_and_preston_reed_a_young_guitarist_meets_his_hero/transcript
208,Alanna Shaikh, How I'm preparing to get Alzheimer's , Jul 2012 ,http://www.ted.com/talks/alanna_shaikh_how_i_m_preparing_to_get_alzheimer_s/transcript
209,Boaz Almog, The levitating superconductor , Jul 2012 ,http://www.ted.com/talks/boaz_almog_levitates_a_superconductor/transcript
210,Elyn Saks, A tale of mental illness — from the inside , Jun 2012 ,http://www.ted.com/talks/elyn_saks_seeing_mental_illness/transcript
211,Don Tapscott, Four principles for the open world , Jun 2012 ,http://www.ted.com/talks/don_tapscott_four_principles_for_the_open_world_1/transcript
212,Massimo Banzi, How Arduino is open-sourcing imagination , Jun 2012 ,http://www.ted.com/talks/massimo_banzi_how_arduino_is_open_sourcing_imagination/transcript
213,Paul Snelgrove, A census of the ocean , Feb 2012 ,http://www.ted.com/talks/paul_snelgrove_a_census_of_the_ocean/transcript
214,Neil MacGregor, 2600 years of history in one object , Feb 2012 ,http://www.ted.com/talks/neil_macgregor_2600_years_of_history_in_one_object/transcript
215,Alain de Botton, Atheism 2.0 , Jan 2012 ,http://www.ted.com/talks/alain_de_botton_atheism_2_0/transcript
216,Sonaar Luthra, Meet the Water Canary , Jan 2012 ,http://www.ted.com/talks/sonaar_luthra_meet_the_water_canary/transcript
217,Karen Tse, How to stop torture , Dec 2011 ,http://www.ted.com/talks/karen_tse_how_to_stop_torture/transcript
218,Pavan Sukhdev, Put a value on nature! , Dec 2011 ,http://www.ted.com/talks/pavan_sukhdev_what_s_the_price_of_nature/transcript
219,Monika Bulaj, The hidden light of Afghanistan , Dec 2011 ,http://www.ted.com/talks/monika_bulaj_the_hidden_light_of_afghanistan/transcript
220,Annie Murphy Paul, What we learn before we're born , Nov 2011 ,http://www.ted.com/talks/annie_murphy_paul_what_we_learn_before_we_re_born/transcript
221,Péter Fankhauser," Meet Rezero, the dancing ballbot ", Nov 2011 ,http://www.ted.com/talks/peter_fankhauser_meet_rezero_the_dancing_ballbot/transcript
222,Robin Ince, Science versus wonder? , Nov 2011 ,http://www.ted.com/talks/robin_ince_science_versus_wonder/transcript
223,Cynthia Kenyon, Experiments that hint of longer lives , Nov 2011 ,http://www.ted.com/talks/cynthia_kenyon_experiments_that_hint_of_longer_lives/transcript
224,Yves Rossy, Fly with the Jetman , Nov 2011 ,http://www.ted.com/talks/yves_rossy_fly_with_the_jetman/transcript
225,Allan Jones, A map of the brain , Nov 2011 ,http://www.ted.com/talks/allan_jones_a_map_of_the_brain/transcript
226,Ben Kacyra, Ancient wonders captured in 3D , Nov 2011 ,http://www.ted.com/talks/ben_kacyra_ancient_wonders_captured_in_3d/transcript
227,Aparna Rao, High-tech art (with a sense of humor) , Nov 2011 ,http://www.ted.com/talks/aparna_rao_high_tech_art_with_a_sense_of_humor/transcript
228,Marco Tempest," Augmented reality, techno-magic ", Nov 2011 ,http://www.ted.com/talks/marco_tempest_the_augmented_reality_of_techno_magic/transcript
229,Daniel Wolpert, The real reason for brains , Nov 2011 ,http://www.ted.com/talks/daniel_wolpert_the_real_reason_for_brains/transcript
230,Anna Mracek Dietrich, A plane you can drive , Nov 2011 ,http://www.ted.com/talks/anna_mracek_dietrich_a_plane_you_can_drive/transcript
231,Paul Zak," Trust, morality — and oxytocin? ", Nov 2011 ,http://www.ted.com/talks/paul_zak_trust_morality_and_oxytocin/transcript
232,Hasan Elahi," FBI, here I am! ", Oct 2011 ,http://www.ted.com/talks/hasan_elahi/transcript
233,Malcolm Gladwell, The strange tale of the Norden bombsight , Oct 2011 ,http://www.ted.com/talks/malcolm_gladwell/transcript
234,Richard Wilkinson, How economic inequality harms societies , Oct 2011 ,http://www.ted.com/talks/richard_wilkinson/transcript
235,Nathalie Miebach, Art made of storms , Oct 2011 ,http://www.ted.com/talks/nathalie_miebach/transcript
236,Todd Kuiken," A prosthetic arm that ""feels"" ", Oct 2011 ,http://www.ted.com/talks/todd_kuiken_a_prosthetic_arm_that_feels/transcript
237,Justin Hall-Tipping, Freeing energy from the grid , Oct 2011 ,http://www.ted.com/talks/justin_hall_tipping_freeing_energy_from_the_grid/transcript
238,Bunker Roy, Learning from a barefoot movement , Oct 2011 ,http://www.ted.com/talks/bunker_roy/transcript
239,Jae Rhim Lee, My mushroom burial suit , Oct 2011 ,http://www.ted.com/talks/jae_rhim_lee/transcript
240,Pamela Meyer, How to spot a liar , Oct 2011 ,http://www.ted.com/talks/pamela_meyer_how_to_spot_a_liar/transcript
241,Ian Ritchie, The day I turned down Tim Berners-Lee , Oct 2011 ,http://www.ted.com/talks/ian_ritchie_the_day_i_turned_down_tim_berners_lee/transcript
242,Alison Gopnik, What do babies think? , Oct 2011 ,http://www.ted.com/talks/alison_gopnik_what_do_babies_think/transcript
243,Charles Hazlewood, Trusting the ensemble , Oct 2011 ,http://www.ted.com/talks/charles_hazlewood/transcript
244,Mike Biddle, We can recycle plastic , Oct 2011 ,http://www.ted.com/talks/mike_biddle/transcript
245,Ben Goldacre, Battling bad science , Sep 2011 ,http://www.ted.com/talks/ben_goldacre_battling_bad_science/transcript
246,Jarreth Merz, Filming democracy in Ghana , Sep 2011 ,http://www.ted.com/talks/jarreth_merz_filming_democracy_in_ghana/transcript
247,Geoff Mulgan, A short intro to the Studio School , Sep 2011 ,http://www.ted.com/talks/geoff_mulgan_a_short_intro_to_the_studio_school/transcript
248,Abraham Verghese, A doctor's touch , Sep 2011 ,http://www.ted.com/talks/abraham_verghese_a_doctor_s_touch/transcript
249,Elizabeth Murchison, Fighting a contagious cancer , Sep 2011 ,http://www.ted.com/talks/elizabeth_murchison/transcript
250,Amy Lockwood, Selling condoms in the Congo , Sep 2011 ,http://www.ted.com/talks/amy_lockwood_selling_condoms_in_the_congo/transcript
251,Niall Ferguson, The 6 killer apps of prosperity , Sep 2011 ,http://www.ted.com/talks/niall_ferguson_the_6_killer_apps_of_prosperity/transcript
252,Misha Glenny, Hire the hackers! , Sep 2011 ,http://www.ted.com/talks/misha_glenny_hire_the_hackers/transcript
253,Yasheng Huang, Does democracy stifle economic growth? , Sep 2011 ,http://www.ted.com/talks/yasheng_huang/transcript
254,Raghava KK, Shake up your story , Sep 2011 ,http://www.ted.com/talks/raghava_kk_shake_up_your_story/transcript
255,Lee Cronin, Making matter come alive , Sep 2011 ,http://www.ted.com/talks/lee_cronin_making_matter_come_alive/transcript
256,Julia Bacha, Pay attention to nonviolence , Aug 2011 ,http://www.ted.com/talks/julia_bacha/transcript
257,Svante Pääbo, DNA clues to our inner neanderthal , Aug 2011 ,http://www.ted.com/talks/svante_paeaebo_dna_clues_to_our_inner_neanderthal/transcript
258,Marco Tempest, The magic of truth and lies (and iPods) , Aug 2011 ,http://www.ted.com/talks/marco_tempest_the_magic_of_truth_and_lies_on_ipods/transcript
259,Lucianne Walkowicz, Finding planets around other stars , Aug 2011 ,http://www.ted.com/talks/lucianne_walkowicz_finding_planets_around_other_stars/transcript
260,Jeremy Gilley, One day of peace , Aug 2011 ,http://www.ted.com/talks/jeremy_gilley_one_day_of_peace/transcript
261,Alex Steffen, The shareable future of cities , Aug 2011 ,http://www.ted.com/talks/alex_steffen/transcript
262,Jessica Green, Are we filtering the wrong microbes? , Aug 2011 ,http://www.ted.com/talks/jessica_green_are_we_filtering_the_wrong_microbes/transcript
263,Mark Pagel, How language transformed humanity , Aug 2011 ,http://www.ted.com/talks/mark_pagel_how_language_transformed_humanity/transcript
264,Harald Haas, Wireless data from every light bulb , Aug 2011 ,http://www.ted.com/talks/harald_haas_wireless_data_from_every_light_bulb/transcript
265,Adam Ostrow, After your final status update , Aug 2011 ,http://www.ted.com/talks/adam_ostrow_after_your_final_status_update/transcript
266,Julian Treasure, 5 ways to listen better , Jul 2011 ,http://www.ted.com/talks/julian_treasure_5_ways_to_listen_better/transcript
267,Josette Sheeran, Ending hunger now , Jul 2011 ,http://www.ted.com/talks/josette_sheeran_ending_hunger_now/transcript
268,Paul Bloom, The origins of pleasure , Jul 2011 ,http://www.ted.com/talks/paul_bloom_the_origins_of_pleasure/transcript
269,Geoffrey West, The surprising math of cities and corporations , Jul 2011 ,http://www.ted.com/talks/geoffrey_west_the_surprising_math_of_cities_and_corporations/transcript
270,Rory Stewart, Time to end the war in Afghanistan , Jul 2011 ,http://www.ted.com/talks/rory_stewart_time_to_end_the_war_in_afghanistan/transcript
271,Markus Fischer, A robot that flies like a bird , Jul 2011 ,http://www.ted.com/talks/a_robot_that_flies_like_a_bird/transcript
272,Kevin Slavin, How algorithms shape our world , Jul 2011 ,http://www.ted.com/talks/kevin_slavin_how_algorithms_shape_our_world/transcript
273,Thandie Newton," Embracing otherness, embracing myself ", Jul 2011 ,http://www.ted.com/talks/thandie_newton_embracing_otherness_embracing_myself/transcript
274,Mikko Hypponen," Fighting viruses, defending the net ", Jul 2011 ,http://www.ted.com/talks/mikko_hypponen_fighting_viruses_defending_the_net/transcript
275,Nadia Al-Sakkaf, See Yemen through my eyes , Jul 2011 ,http://www.ted.com/talks/nadia_al_sakkaf_see_yemen_through_my_eyes/transcript
276,Tim Harford," Trial, error and the God complex ", Jul 2011 ,http://www.ted.com/talks/tim_harford/transcript
277,Maajid Nawaz, A global culture to fight extremism , Jul 2011 ,http://www.ted.com/talks/maajid_nawaz_a_global_culture_to_fight_extremism/transcript
278,Rebecca MacKinnon, Let's take back the Internet! , Jul 2011 ,http://www.ted.com/talks/rebecca_mackinnon_let_s_take_back_the_internet/transcript
279,Iain Hutchison, Saving faces: A facial surgeon's craft , Feb 2011 ,http://www.ted.com/talks/iain_hutchison_saving_faces/transcript
280,Arthur Potts Dawson, A vision for sustainable restaurants , Dec 2010 ,http://www.ted.com/talks/arthur_potts_dawson_a_vision_for_sustainable_restaurants/transcript
281,Marcel Dicke, Why not eat insects? , Dec 2010 ,http://www.ted.com/talks/marcel_dicke_why_not_eat_insects/transcript
282,Zainab Salbi," Women, wartime and the dream of peace ", Nov 2010 ,http://www.ted.com/talks/zainab_salbi/transcript
283,John Hardy, My green school dream , Nov 2010 ,http://www.ted.com/talks/john_hardy_my_green_school_dream/transcript
284,Conrad Wolfram, Teaching kids real math with computers , Nov 2010 ,http://www.ted.com/talks/conrad_wolfram_teaching_kids_real_math_with_computers/transcript
285,Eric Berlow, Simplifying complexity , Nov 2010 ,http://www.ted.com/talks/eric_berlow_how_complexity_leads_to_simplicity/transcript
286,Auret van Heerden, Making global labor fair , Nov 2010 ,http://www.ted.com/talks/auret_van_heerden_making_global_labor_fair/transcript
287,Stefan Wolff, The path to ending ethnic conflicts , Nov 2010 ,http://www.ted.com/talks/stefan_wolff_the_path_to_ending_ethnic_conflicts/transcript
288,Emily Pilloton, Teaching design for change , Nov 2010 ,http://www.ted.com/talks/emily_pilloton_teaching_design_for_change/transcript
289,Gero Miesenboeck, Re-engineering the brain , Nov 2010 ,http://www.ted.com/talks/gero_miesenboeck/transcript
290,David Bismark, E-voting without fraud , Nov 2010 ,http://www.ted.com/talks/david_bismark_e_voting_without_fraud/transcript
291,Tom Chatfield, 7 ways games reward the brain , Nov 2010 ,http://www.ted.com/talks/tom_chatfield_7_ways_games_reward_the_brain/transcript
292,Joseph Nye, Global power shifts , Oct 2010 ,http://www.ted.com/talks/joseph_nye_on_global_power_shifts/transcript
293,R.A. Mashelkar, Breakthrough designs for ultra-low-cost products , Oct 2010 ,http://www.ted.com/talks/r_a_mashelkar_breakthrough_designs_for_ultra_low_cost_products/transcript
294,Patrick Chappatte, The power of cartoons , Oct 2010 ,http://www.ted.com/talks/patrick_chappatte_the_power_of_cartoons/transcript
295,Heribert Watzke, The brain in your gut , Oct 2010 ,http://www.ted.com/talks/heribert_watzke_the_brain_in_your_gut/transcript
296,Jessica Jackley," Poverty, money — and love ", Oct 2010 ,http://www.ted.com/talks/jessica_jackley_poverty_money_and_love/transcript
297,Stefano Mancuso, The roots of plant intelligence , Oct 2010 ,http://www.ted.com/talks/stefano_mancuso_the_roots_of_plant_intelligence/transcript
298,Tim Jackson, An economic reality check , Oct 2010 ,http://www.ted.com/talks/tim_jackson_s_economic_reality_check/transcript
299,Eben Bayer, Are mushrooms the new plastic? , Oct 2010 ,http://www.ted.com/talks/eben_bayer_are_mushrooms_the_new_plastic/transcript
300,Inge Missmahl, Bringing peace to the minds of Afghanistan , Sep 2010 ,http://www.ted.com/talks/inge_missmahl_brings_peace_to_the_minds_of_afghanistan/transcript
301,Sebastian Seung, I am my connectome , Sep 2010 ,http://www.ted.com/talks/sebastian_seung/transcript
302,Julian Treasure, Shh! Sound health in 8 steps , Sep 2010 ,http://www.ted.com/talks/julian_treasure_shh_sound_health_in_8_steps/transcript
303,Annie Lennox, Why I am an HIV/AIDS activist , Sep 2010 ,http://www.ted.com/talks/annie_lennox_why_i_am_an_hiv_aids_activist/transcript
304,Mitchell Besser, Mothers helping mothers fight HIV , Sep 2010 ,http://www.ted.com/talks/mitchell_besser_mothers_helping_mothers_fight_hiv/transcript
305,Steven Johnson, Where good ideas come from , Sep 2010 ,http://www.ted.com/talks/steven_johnson_where_good_ideas_come_from/transcript
306,Christien Meindertsma, How pig parts make the world turn , Sep 2010 ,http://www.ted.com/talks/christien_meindertsma_on_pig_05049/transcript
307,Caroline Phillips, Hurdy-gurdy for beginners , Sep 2010 ,http://www.ted.com/talks/caroline_phillips_hurdy_gurdy_for_beginners/transcript
308,Jessa Gamble, Our natural sleep cycle is nothing like what we do now , Sep 2010 ,http://www.ted.com/talks/jessa_gamble_how_to_sleep/transcript
309,Alwar Balasubramaniam, Art of substance and absence , Sep 2010 ,http://www.ted.com/talks/alwar_balasubramaniam_sculpture_of_substance_and_absence/transcript
310,Sugata Mitra, The child-driven education , Sep 2010 ,http://www.ted.com/talks/sugata_mitra_the_child_driven_education/transcript
311,Rachel Sussman, The world's oldest living things , Sep 2010 ,http://www.ted.com/talks/rachel_sussman_the_world_s_oldest_living_things/transcript
312,Derek Sivers, Keep your goals to yourself , Sep 2010 ,http://www.ted.com/talks/derek_sivers_keep_your_goals_to_yourself/transcript
313,His Holiness the Karmapa, The technology of the heart , Sep 2010 ,http://www.ted.com/talks/his_holiness_the_karmapa_the_technology_of_the_heart/transcript
314,Johan Rockstrom, Let the environment guide our development , Aug 2010 ,http://www.ted.com/talks/johan_rockstrom_let_the_environment_guide_our_development/transcript
315,Nic Marks, The Happy Planet Index , Aug 2010 ,http://www.ted.com/talks/nic_marks_the_happy_planet_index/transcript
316,Dan Cobley, What physics taught me about marketing , Aug 2010 ,http://www.ted.com/talks/dan_cobley_what_physics_taught_me_about_marketing/transcript
317,Lee Hotz, Inside an Antarctic time machine , Aug 2010 ,http://www.ted.com/talks/lee_hotz_inside_an_antarctic_time_machine/transcript
318,David McCandless, The beauty of data visualization , Aug 2010 ,http://www.ted.com/talks/david_mccandless_the_beauty_of_data_visualization/transcript
319,Maz Jobrani, Did you hear the one about the Iranian-American? , Aug 2010 ,http://www.ted.com/talks/maz_jobrani_make_jokes_not_bombs/transcript
320,Jamil Abu-Wardeh, The Axis of Evil Middle East Comedy Tour , Aug 2010 ,http://www.ted.com/talks/jamil_abu_wardeh_bringing_comedy_to_the_axis_of_evil/transcript
321,Peter Molyneux," Meet Milo, the virtual boy ", Aug 2010 ,http://www.ted.com/talks/peter_molyneux_demos_milo_the_virtual_boy/transcript
322,Sheryl WuDunn, Our century's greatest injustice , Aug 2010 ,http://www.ted.com/talks/sheryl_wudunn_our_century_s_greatest_injustice/transcript
323,Jason Clay, How big brands can help save biodiversity , Aug 2010 ,http://www.ted.com/talks/jason_clay_how_big_brands_can_save_biodiversity/transcript
324,Lewis Pugh, My mind-shifting Everest swim , Jul 2010 ,http://www.ted.com/talks/lewis_pugh_s_mind_shifting_mt_everest_swim/transcript
325,Laurie Santos, A monkey economy as irrational as ours , Jul 2010 ,http://www.ted.com/talks/laurie_santos/transcript
326,Sheena Iyengar, The art of choosing , Jul 2010 ,http://www.ted.com/talks/sheena_iyengar_on_the_art_of_choosing/transcript
327,Tan Le, A headset that reads your brainwaves , Jul 2010 ,http://www.ted.com/talks/tan_le_a_headset_that_reads_your_brainwaves/transcript
328,Dimitar Sasselov, How we found hundreds of potential Earth-like planets , Jul 2010 ,http://www.ted.com/talks/dimitar_sasselov_how_we_found_hundreds_of_potential_earth_like_planets/transcript
329,Naif Al-Mutawa, Superheroes inspired by Islam , Jul 2010 ,http://www.ted.com/talks/naif_al_mutawa_superheroes_inspired_by_islam/transcript
330,Julian Assange, Why the world needs WikiLeaks , Jul 2010 ,http://www.ted.com/talks/julian_assange_why_the_world_needs_wikileaks/transcript
331,Elif Shafak, The politics of fiction , Jul 2010 ,http://www.ted.com/talks/elif_shafak_the_politics_of_fiction/transcript
332,Ethan Zuckerman, Listening to global voices , Jul 2010 ,http://www.ted.com/talks/ethan_zuckerman/transcript
333,Matt Ridley, When ideas have sex , Jul 2010 ,http://www.ted.com/talks/matt_ridley_when_ideas_have_sex/transcript
334,Aditi Shankardass, A second opinion on developmental disorders , Jun 2010 ,http://www.ted.com/talks/aditi_shankardass_a_second_opinion_on_learning_disorders/transcript
335,Ananda Shankar Jayant, Fighting cancer with dance , Jun 2010 ,http://www.ted.com/talks/ananda_shankar_jayant_fights_cancer_with_a_dance/transcript
336,Anil Gupta, India's hidden hotbeds of invention , May 2010 ,http://www.ted.com/talks/anil_gupta_india_s_hidden_hotbeds_of_invention/transcript
337,Kavita Ramdas," Radical women, embracing tradition ", Apr 2010 ,http://www.ted.com/talks/kavita_ramdas_radical_women_embracing_tradition/transcript
338,Shukla Bose, Teaching one child at a time , Mar 2010 ,http://www.ted.com/talks/shukla_bose_teaching_one_child_at_a_time/transcript
339,Shekhar Kapur, We are the stories we tell ourselves , Mar 2010 ,http://www.ted.com/talks/shekhar_kapur_we_are_the_stories_we_tell_ourselves/transcript
340,Harsha Bhogle," The rise of cricket, the rise of India ", Mar 2010 ,http://www.ted.com/talks/harsha_bhogle_the_rise_of_cricket_the_rise_of_india/transcript
341,Pawan Sinha, How brains learn to see , Feb 2010 ,http://www.ted.com/talks/pawan_sinha_on_how_brains_learn_to_see/transcript
342,Sendhil Mullainathan, Solving social problems with a nudge , Feb 2010 ,http://www.ted.com/talks/sendhil_mullainathan/transcript
343,Derek Sivers," Weird, or just different? ", Jan 2010 ,http://www.ted.com/talks/derek_sivers_weird_or_just_different/transcript
344,Jane Chen, A warm embrace that saves lives , Jan 2010 ,http://www.ted.com/talks/jane_chen_a_warm_embrace_that_saves_lives/transcript
345,Eve Ensler, Embrace your inner girl , Jan 2010 ,http://www.ted.com/talks/eve_ensler_embrace_your_inner_girl/transcript
346,Ravin Agrawal, 10 young Indian artists to watch , Jan 2010 ,http://www.ted.com/talks/ravin_agrawal_10_young_indian_artists_to_watch/transcript
347,Lalitesh Katragadda," Making maps to fight disaster, build economies ", Jan 2010 ,http://www.ted.com/talks/lalitesh_katragadda_making_maps_to_fight_disaster_build_economies/transcript
348,Kiran Sethi," Kids, take charge ", Jan 2010 ,http://www.ted.com/talks/kiran_bir_sethi_teaches_kids_to_take_charge/transcript
349,Kartick Satyanarayan," How we rescued the ""dancing"" bears"" ", Jan 2010 ,http://www.ted.com/talks/kartick_satyanarayan_how_we_rescued_the_dancing_bears/transcript
350,Romulus Whitaker, The real danger lurking in the water , Jan 2010 ,http://www.ted.com/talks/romulus_whitaker_the_real_danger_lurking_in_the_water/transcript
351,Nick Veasey, Exposing the invisible , Jan 2010 ,http://www.ted.com/talks/nick_veasey_exposing_the_invisible_1/transcript
352,Vilayanur Ramachandran, The neurons that shaped civilization , Jan 2010 ,http://www.ted.com/talks/vs_ramachandran_the_neurons_that_shaped_civilization/transcript
353,Bertrand Piccard, My solar-powered adventure , Jan 2010 ,http://www.ted.com/talks/bertrand_piccard_s_solar_powered_adventure/transcript
354,Asher Hasan, My message of peace from Pakistan , Dec 2009 ,http://www.ted.com/talks/asher_hasan_s_message_of_peace_from_pakistan/transcript
355,Steven  Cowley, Fusion is energy's future , Dec 2009 ,http://www.ted.com/talks/steven_cowley_fusion_is_energy_s_future/transcript
356,Shaffi Mather, A new way to fight corruption , Dec 2009 ,http://www.ted.com/talks/shaffi_mather_a_new_way_to_fight_corruption/transcript
357,James Geary, Metaphorically speaking , Dec 2009 ,http://www.ted.com/talks/james_geary_metaphorically_speaking/transcript
358,Charles Anderson, Dragonflies that fly across oceans , Dec 2009 ,http://www.ted.com/talks/charles_anderson_discovers_dragonflies_that_cross_oceans/transcript
359,Alexis Ohanian, How to make a splash in social media , Dec 2009 ,http://www.ted.com/talks/alexis_ohanian_how_to_make_a_splash_in_social_media/transcript
360,Ryan Lobo, Photographing the hidden story , Dec 2009 ,http://www.ted.com/talks/ryan_lobo_through_the_lens_of_compassion/transcript
361,Loretta Napoleoni, The intricate economics of terrorism , Dec 2009 ,http://www.ted.com/talks/loretta_napoleoni_the_intricate_economics_of_terrorism/transcript
362,Thulasiraj Ravilla, How low-cost eye care can be world-class , Dec 2009 ,http://www.ted.com/talks/thulasiraj_ravilla_how_low_cost_eye_care_can_be_world_class/transcript
363,Rory  Bremner, A one-man world summit , Dec 2009 ,http://www.ted.com/talks/rory_bremner_s_one_man_world_summit/transcript
364,Sunitha Krishnan, The fight against sex slavery , Dec 2009 ,http://www.ted.com/talks/sunitha_krishnan_tedindia/transcript
365,Anupam Mishra, The ancient ingenuity of water harvesting , Dec 2009 ,http://www.ted.com/talks/anupam_mishra_the_ancient_ingenuity_of_water_harvesting/transcript
366,Andrea Ghez, The hunt for a supermassive black hole , Dec 2009 ,http://www.ted.com/talks/andrea_ghez_the_hunt_for_a_supermassive_black_hole/transcript
367,Gordon Brown, Global ethic vs. national interest , Dec 2009 ,http://www.ted.com/talks/gordon_brown_on_global_ethic_vs_national_interest/transcript
368,Shashi Tharoor, Why nations should pursue soft power , Nov 2009 ,http://www.ted.com/talks/shashi_tharoor/transcript
369,Mallika Sarabhai, Dance to change the world , Nov 2009 ,http://www.ted.com/talks/mallika_sarabhai/transcript
370,Magnus Larsson, Turning dunes into architecture , Nov 2009 ,http://www.ted.com/talks/magnus_larsson_turning_dunes_into_architecture/transcript
371,Rob Hopkins, Transition to a world without oil , Nov 2009 ,http://www.ted.com/talks/rob_hopkins_transition_to_a_world_without_oil/transcript
372,Hans Rosling, Asia's rise — how and when , Nov 2009 ,http://www.ted.com/talks/hans_rosling_asia_s_rise_how_and_when/transcript
373,Tom Wujec, Learn to use the 13th-century astrolabe , Nov 2009 ,http://www.ted.com/talks/tom_wujec_demos_the_13th_century_astrolabe/transcript
374,Mathieu Lehanneur, Science-inspired design , Nov 2009 ,http://www.ted.com/talks/mathieu_lehanneur_demos_science_inspired_design/transcript
375,Pranav Mistry, The thrilling potential of SixthSense technology , Nov 2009 ,http://www.ted.com/talks/pranav_mistry_the_thrilling_potential_of_sixthsense_technology/transcript
376,Cynthia Schneider, The surprising spread of Idol TV , Nov 2009 ,http://www.ted.com/talks/cynthia_schneider_the_surprising_spread_of_idol_tv/transcript
377,Edward Burtynsky, Photographing the landscape of oil , Nov 2009 ,http://www.ted.com/talks/edward_burtynsky_photographs_the_landscape_of_oil/transcript
378,Rachel Pike, The science behind a climate headline , Nov 2009 ,http://www.ted.com/talks/rachel_pike_the_science_behind_a_climate_headline/transcript
379,Stefana Broadbent, How the Internet enables intimacy , Nov 2009 ,http://www.ted.com/talks/stefana_broadbent_how_the_internet_enables_intimacy/transcript
380,Marcus du Sautoy," Symmetry, reality's riddle ", Oct 2009 ,http://www.ted.com/talks/marcus_du_sautoy_symmetry_reality_s_riddle/transcript
381,Becky  Blanton, The year I was homeless , Oct 2009 ,http://www.ted.com/talks/becky_blanton_the_year_i_was_homeless/transcript
382,Rachel Armstrong, Architecture that repairs itself? , Oct 2009 ,http://www.ted.com/talks/rachel_armstrong_architecture_that_repairs_itself/transcript
383,David Deutsch, A new way to explain explanation , Oct 2009 ,http://www.ted.com/talks/david_deutsch_a_new_way_to_explain_explanation/transcript
384,Ian Goldin, Navigating our global future , Oct 2009 ,http://www.ted.com/talks/ian_goldin_navigating_our_global_future/transcript
385,Marc Koska, 1.3m reasons to re-invent the syringe , Oct 2009 ,http://www.ted.com/talks/marc_koska_the_devastating_toll_of_syringe_reuse/transcript
386,Julian Treasure, The 4 ways sound affects us , Oct 2009 ,http://www.ted.com/talks/julian_treasure_the_4_ways_sound_affects_us/transcript
387,Henry Markram, A brain in a supercomputer , Oct 2009 ,http://www.ted.com/talks/henry_markram_supercomputing_the_brain_s_secrets/transcript
388,Rory Sutherland, Life lessons from an ad man , Oct 2009 ,http://www.ted.com/talks/rory_sutherland_life_lessons_from_an_ad_man/transcript
389,Eric Sanderson, New York — before the City , Oct 2009 ,http://www.ted.com/talks/eric_sanderson_pictures_new_york_before_the_city/transcript
390,Sam Martin," Claim your ""manspace"" ", Oct 2009 ,http://www.ted.com/talks/sam_martin_builds_a_room_of_his_own/transcript
391,Beau Lotto, Optical illusions show how we see , Oct 2009 ,http://www.ted.com/talks/beau_lotto_optical_illusions_show_how_we_see/transcript
392,Chimamanda Ngozi Adichie, The danger of a single story , Oct 2009 ,http://www.ted.com/talks/chimamanda_adichie_the_danger_of_a_single_story/transcript
393,Carolyn Steel, How food shapes our cities , Oct 2009 ,http://www.ted.com/talks/carolyn_steel_how_food_shapes_our_cities/transcript
394,Stefan Sagmeister, The power of time off , Oct 2009 ,http://www.ted.com/talks/stefan_sagmeister_the_power_of_time_off/transcript
395,Garik Israelian, How spectroscopy could reveal alien life , Oct 2009 ,http://www.ted.com/talks/garik_israelian_what_s_inside_a_star/transcript
396,Karen Armstrong, Let's revive the Golden Rule , Sep 2009 ,http://www.ted.com/talks/karen_armstrong_let_s_revive_the_golden_rule/transcript
397,Tim Brown, Designers — think big! , Sep 2009 ,http://www.ted.com/talks/tim_brown_urges_designers_to_think_big/transcript
398,Parag Khanna, Mapping the future of countries , Sep 2009 ,http://www.ted.com/talks/parag_khanna_maps_the_future_of_countries/transcript
399,Taryn Simon, Photographs of secret sites , Sep 2009 ,http://www.ted.com/talks/taryn_simon_photographs_secret_sites/transcript
400,William Kamkwamba, How I harnessed the wind , Sep 2009 ,http://www.ted.com/talks/william_kamkwamba_how_i_harnessed_the_wind/transcript
401,Evgeny Morozov, How the Net aids dictatorships , Sep 2009 ,http://www.ted.com/talks/evgeny_morozov_is_the_internet_what_orwell_feared/transcript
402,Jonathan Zittrain, The Web as random acts of kindness , Sep 2009 ,http://www.ted.com/talks/jonathan_zittrain_the_web_is_a_random_act_of_kindness/transcript
403,John Lloyd, An inventory of the invisible , Sep 2009 ,http://www.ted.com/talks/john_lloyd_inventories_the_invisible/transcript
404,Bjarke Ingels, 3 warp-speed architecture tales , Sep 2009 ,http://www.ted.com/talks/bjarke_ingels_3_warp_speed_architecture_tales/transcript
405,Misha Glenny, How global crime networks work , Sep 2009 ,http://www.ted.com/talks/misha_glenny_investigates_global_crime_networks/transcript
406,Rebecca Saxe, How we read each other's minds , Sep 2009 ,http://www.ted.com/talks/rebecca_saxe_how_brains_make_moral_judgments/transcript
407,Lewis Pugh, How I swam the North Pole , Sep 2009 ,http://www.ted.com/talks/lewis_pugh_swims_the_north_pole/transcript
408,James Balog, Time-lapse proof of extreme ice loss , Sep 2009 ,http://www.ted.com/talks/james_balog_time_lapse_proof_of_extreme_ice_loss/transcript
409,Steve Truglia, A leap from the edge of space , Sep 2009 ,http://www.ted.com/talks/steve_truglia_a_leap_from_the_edge_of_space/transcript
410,Evan Grant, Making sound visible through cymatics , Sep 2009 ,http://www.ted.com/talks/evan_grant_cymatics/transcript
411,Geoff Mulgan," Post-crash, investing in a better world ", Sep 2009 ,http://www.ted.com/talks/geoff_mulgan_post_crash_investing_in_a_better_world_1/transcript
412,Joshua Silver, Adjustable liquid-filled eyeglasses , Sep 2009 ,http://www.ted.com/talks/josh_silver_demos_adjustable_liquid_filled_eyeglasses/transcript
413,Cary Fowler," One seed at a time, protecting the future of food ", Aug 2009 ,http://www.ted.com/talks/cary_fowler_one_seed_at_a_time_protecting_the_future_of_food/transcript
414,Eric Giler, A demo of wireless electricity , Aug 2009 ,http://www.ted.com/talks/eric_giler_demos_wireless_electricity/transcript
415,Dan Pink, The puzzle of motivation , Aug 2009 ,http://www.ted.com/talks/dan_pink_on_motivation/transcript
416,Janine Benyus, Biomimicry in action , Aug 2009 ,http://www.ted.com/talks/janine_benyus_biomimicry_in_action/transcript
417,Paul Romer, Why the world needs charter cities , Aug 2009 ,http://www.ted.com/talks/paul_romer/transcript
418,Michael Pritchard, How to make filthy water drinkable , Aug 2009 ,http://www.ted.com/talks/michael_pritchard_invents_a_water_filter/transcript
419,Willard Wigan, Hold your breath for micro-sculpture , Aug 2009 ,http://www.ted.com/talks/willard_wigan_hold_your_breath_for_micro_sculpture/transcript
420,Elaine Morgan, I believe we evolved from aquatic apes , Jul 2009 ,http://www.ted.com/talks/elaine_morgan_says_we_evolved_from_aquatic_apes/transcript
421,Alain de Botton," A kinder, gentler philosophy of success ", Jul 2009 ,http://www.ted.com/talks/alain_de_botton_a_kinder_gentler_philosophy_of_success/transcript
422,Gordon Brown, Wiring a web for global good , Jul 2009 ,http://www.ted.com/talks/gordon_brown/transcript
423,Dan Gilbert, Why we make bad decisions , Dec 2008 ,http://www.ted.com/talks/dan_gilbert_researches_happiness/transcript
424,Franco Sacchi," A tour of Nollywood, Nigeria's booming film industry ", Nov 2008 ,http://www.ted.com/talks/franco_sacchi_on_nollywood/transcript
425,Eve Ensler, What security means to me , Sep 2008 ,http://www.ted.com/talks/eve_ensler_on_security/transcript
426,Jane Goodall, How humans and animals can live together , Sep 2008 ,http://www.ted.com/talks/jane_goodall_at_tedglobal_07/transcript
427,Peter Diamandis, Our next giant leap , Sep 2008 ,http://www.ted.com/talks/peter_diamandis_on_our_next_giant_leap/transcript
428,Ory Okolloh, How I became an activist , Aug 2008 ,http://www.ted.com/talks/ory_okolloh_on_becoming_an_activist/transcript
429,Spencer Wells, A family tree for humanity , Aug 2008 ,http://www.ted.com/talks/spencer_wells_is_building_a_family_tree_for_all_humanity/transcript
430,Kwabena Boahen, A computer that works like the brain , Jul 2008 ,http://www.ted.com/talks/kwabena_boahen_on_a_computer_that_works_like_the_brain/transcript
431,Marisa Fick-Jordan, The wonder of Zulu wire art , Jul 2008 ,http://www.ted.com/talks/marisa_fick_jordan_shares_the_wonder_of_zulu_wire_art/transcript
432,Clay Shirky, Institutions vs. collaboration , Jul 2008 ,http://www.ted.com/talks/clay_shirky_on_institutions_versus_collaboration/transcript
433,Corneille Ewango, A hero of the Congo forest , Jul 2008 ,http://www.ted.com/talks/corneille_ewango_is_a_hero_of_the_congo_forest/transcript
434,Steven Levitt, Surprising stats about child carseats , Jun 2008 ,http://www.ted.com/talks/steven_levitt_on_child_carseats/transcript
435,Seyi Oyesola, A hospital tour in Nigeria , May 2008 ,http://www.ted.com/talks/dr_seyi_oyesola_tours_a_hospital_in_nigeria/transcript
436,Hector Ruiz, The thinking behind 50x15 , May 2008 ,http://www.ted.com/talks/hector_ruiz_on_connecting_the_world/transcript
437,Ernest Madu, World-class health care , Apr 2008 ,http://www.ted.com/talks/ernest_madu_on_world_class_health_care/transcript
438,Yochai Benkler, The new open-source economics , Apr 2008 ,http://www.ted.com/talks/yochai_benkler_on_the_new_open_source_economics/transcript
439,Joseph Lekuton, A parable for Kenya , Feb 2008 ,http://www.ted.com/talks/joseph_lekuton_tells_a_parable_for_kenya/transcript
440,Alison Jackson, An unusual glimpse at celebrity , Jan 2008 ,http://www.ted.com/talks/alison_jackson_looks_at_celebrity/transcript
441,Ron Eglash, The fractals at the heart of African designs , Nov 2007 ,http://www.ted.com/talks/ron_eglash_on_african_fractals/transcript
442,Eleni Gabre-Madhin, A commodities exchange for Ethiopia , Oct 2007 ,http://www.ted.com/talks/elene_gabre_madhin_on_ethiopian_economics/transcript
443,Zeresenay Alemseged, The search for humanity's roots , Sep 2007 ,http://www.ted.com/talks/zeresenay_alemseged_looks_for_humanity_s_roots/transcript
444,Steven Pinker, What our language habits reveal , Sep 2007 ,http://www.ted.com/talks/steven_pinker_on_language_and_thought/transcript
445,Andrew Mwenda, Aid for Africa? No thanks. , Sep 2007 ,http://www.ted.com/talks/andrew_mwenda_takes_a_new_look_at_africa/transcript
446,Jacqueline Novogratz, Patient capitalism , Aug 2007 ,http://www.ted.com/talks/jacqueline_novogratz_on_patient_capitalism/transcript
447,Chris Abani, Telling stories from Africa , Aug 2007 ,http://www.ted.com/talks/chris_abani_on_the_stories_of_africa/transcript
448,Patrick Awuah, How to educate leaders? Liberal arts , Aug 2007 ,http://www.ted.com/talks/patrick_awuah_on_educating_leaders/transcript
449,Euvin Naidoo, Why invest in Africa , Jul 2007 ,http://www.ted.com/talks/euvin_naidoo_on_investing_in_africa/transcript
450,William Kamkwamba, How I built a windmill , Jul 2007 ,http://www.ted.com/talks/william_kamkwamba_on_building_a_windmill/transcript
451,Ngozi Okonjo-Iweala, Aid versus trade , Jul 2007 ,http://www.ted.com/talks/ngozi_okonjo_iweala_on_aid_versus_trade/transcript
452,George Ayittey, Africa's cheetahs versus hippos , Jul 2007 ,http://www.ted.com/talks/george_ayittey_on_cheetahs_vs_hippos/transcript
453,Paul Bennett, Design is in the details , Apr 2007 ,http://www.ted.com/talks/paul_bennett_finds_design_in_the_details/transcript
454,Alex Steffen, The route to a sustainable future , Apr 2007 ,http://www.ted.com/talks/alex_steffen_sees_a_sustainable_future/transcript
455,Craig Venter, Sampling the ocean's DNA , Apr 2007 ,http://www.ted.com/talks/craig_venter_on_dna_and_the_sea/transcript
456,Nick Bostrom, A philosophical quest for our biggest problems , Apr 2007 ,http://www.ted.com/talks/nick_bostrom_on_our_biggest_problems/transcript
457,Carl Honoré, In praise of slowness , Feb 2007 ,http://www.ted.com/talks/carl_honore_praises_slowness/transcript
458,Charles Leadbeater, The era of open innovation , Jan 2007 ,http://www.ted.com/talks/charles_leadbeater_on_innovation/transcript
459,Martin Rees, Is this our final century? , Jan 2007 ,http://www.ted.com/talks/martin_rees_asks_is_this_our_final_century/transcript
460,Robert Neuwirth, The hidden world of shadow cities , Jan 2007 ,http://www.ted.com/talks/robert_neuwirth_on_our_shadow_cities/transcript
461,Peter Donnelly, How juries are fooled by statistics , Nov 2006 ,http://www.ted.com/talks/peter_donnelly_shows_how_stats_fool_juries/transcript
462,Sasa Vucinic, Why we should invest in a free press , Oct 2006 ,http://www.ted.com/talks/sasa_vucinic_invests_in_free_press/transcript
463,Ashraf Ghani, How to rebuild a broken state , Oct 2006 ,http://www.ted.com/talks/ashraf_ghani_on_rebuilding_broken_states/transcript
464,Iqbal Quadir, How mobile phones can fight poverty , Oct 2006 ,http://www.ted.com/talks/iqbal_quadir_says_mobiles_fight_poverty/transcript
465,Jacqueline Novogratz, Invest in Africa's own solutions , Oct 2006 ,http://www.ted.com/talks/jacqueline_novogratz_invests_in_ending_poverty/transcript
466,Aubrey de Grey, A roadmap to end aging , Oct 2006 ,http://www.ted.com/talks/aubrey_de_grey_says_we_can_avoid_aging/transcript
467,Barry Schwartz, The paradox of choice , Sep 2006 ,http://www.ted.com/talks/barry_schwartz_on_the_paradox_of_choice/transcript
468,David Deutsch, Chemical scum that dream of distant quasars , Sep 2006 ,http://www.ted.com/talks/david_deutsch_on_our_place_in_the_cosmos/transcript
469,Richard Dawkins, Why the universe seems so strange , Sep 2006 ,http://www.ted.com/talks/richard_dawkins_on_our_queer_universe/transcript
470,Jimmy Wales, The birth of Wikipedia , Aug 2006 ,http://www.ted.com/talks/jimmy_wales_on_the_birth_of_wikipedia/transcript
